redundancy,k,copies,trials,mean_percent_recovered_ecc,std_percent_recovered_ecc
0.02,30,15,100,95.5048828125,7.487750604221734
0.05,30,15,100,95.1640625,7.354565776192885
0.07,30,15,100,93.865234375,8.713130986092803
0.1,30,15,100,96.1328125,6.876123509938269
0.12,30,15,100,95.1669921875,7.4427196875437325
